{
  "probe": [
    [
      -0.5,
      0.25,
      -0.1
    ],
    [
      0.2,
      -0.3,
      0.5
    ],
    [
      0.0,
      0.0,
      0.25
    ],
    [
      0.9,
      -0.8,
      0.9
    ]
  ],
  "design_matrix": [
    [
      1.0,
      -0.5,
      0.25,
      0.0,
      0.0
    ],
    [
      1.0,
      0.2,
      -0.3,
      0.30791489353125434,
      0.2453823185951136
    ],
    [
      1.0,
      0.0,
      0.0,
      0.05791489353125434,
      0.0
    ],
    [
      1.0,
      0.9,
      -0.8,
      0.7079148935312544,
      0.6453823185951136
    ]
  ],
  "predict": [
    1.0624999999999991,
    2.8250000000000006,
    2.0505844706813723,
    4.650000000000003
  ]
}
